,XXBTZCAD,XXMRZUSD,XETHZUSD,XXMRZEUR,XXMRXXBT,XMLNXETH,XETHZJPY,XZECZEUR,GNOXBT,XXRPZUSD,XLTCZUSD,XREPXETH,XXBTZGBP,XETHXXBT,EOSXBT,XZECZUSD,XETHZCAD,XETCXXBT,XETHZGBP,BCHEUR,XXDGXXBT,XXBTZEUR,XLTCZEUR,XETCXETH,XLTCXXBT,XXBTZJPY,GNOETH,XETHZEUR,DASHXBT,XXLMXXBT,XETCZEUR,XMLNXXBT,BCHUSD,XICNXETH,XXRPXXBT,XREPXXBT,XXRPZEUR,EOSETH,DASHEUR,XICNXXBT,XETCZUSD,XREPZEUR,XZECXXBT,DASHUSD,XXBTZUSD,BCHXBT,USDTZUSD
1515537090.28,17710.00000,429.19000000,1241.73000,360.00000000,0.02926000,0.18896000,153614.00000,556.00000,0.02647000,2.10000000,249.08000,0.075000,9686.90000,0.085210,0.00064000,662.00000,1509.87000,0.00260000,666.08000,2005.100000,0.000000950,12252.60000,210.15000,0.03000100,0.01716000,1800000.000,0.29400000,1039.97000,0.07663000,0.000040000,31.54100000,0.01699900,2383.100000,0.004065,0.000143500,0.006465,1.75004000,0.00767400,920.000000,0.000342,36.87500000,80.79400,0.045130,1087.143000,14574.30000,0.16343000,1.00420000
1515537094.81,17710.00000,429.19000000,1241.73000,360.00000000,0.02926000,0.18896000,153614.00000,556.00000,0.02647000,2.10000000,249.08000,0.075000,9686.90000,0.085210,0.00064000,662.00000,1509.87000,0.00260000,666.08000,2005.100000,0.000000950,12252.60000,210.15000,0.03000100,0.01716000,1800000.000,0.29400000,1039.97000,0.07663000,0.000040000,31.54100000,0.01699900,2383.100000,0.004065,0.000143500,0.006465,1.75004000,0.00767400,920.000000,0.000342,36.87500000,80.79400,0.045130,1087.143000,14574.30000,0.16343000,1.00420000
